<?xml version="1.0" encoding="UTF-8"?>
<TextureAtlas imagePath="sprites.png">
	<!--
	Created with ShoeBox
	http://renderhjs.net/shoebox/
	-->
	<SubTexture name="body-0.png"	x="152"	y="76"	width="75"	height="75" frameX="-0" frameY="-0" frameWidth="75" frameHeight="75"/>
	<SubTexture name="body-1.png"	x="304"	y="76"	width="75"	height="75" frameX="-0" frameY="-0" frameWidth="75" frameHeight="75"/>
	<SubTexture name="body-2.png"	x="304"	y="0"	width="75"	height="75" frameX="-0" frameY="-0" frameWidth="75" frameHeight="75"/>
	<SubTexture name="body-3.png"	x="228"	y="304"	width="75"	height="75" frameX="-0" frameY="-0" frameWidth="75" frameHeight="75"/>
	<SubTexture name="con-1-0.png"	x="228"	y="228"	width="75"	height="75" frameX="-0" frameY="-0" frameWidth="75" frameHeight="75"/>
	<SubTexture name="con-1-1.png"	x="228"	y="152"	width="75"	height="75" frameX="-0" frameY="-0" frameWidth="75" frameHeight="75"/>
	<SubTexture name="con-1-2.png"	x="228"	y="76"	width="75"	height="75" frameX="-0" frameY="-0" frameWidth="75" frameHeight="75"/>
	<SubTexture name="con-1-3.png"	x="228"	y="0"	width="75"	height="75" frameX="-0" frameY="-0" frameWidth="75" frameHeight="75"/>
	<SubTexture name="con-2-0.png"	x="152"	y="304"	width="75"	height="75" frameX="-0" frameY="-0" frameWidth="75" frameHeight="75"/>
	<SubTexture name="con-2-1.png"	x="152"	y="228"	width="75"	height="75" frameX="-0" frameY="-0" frameWidth="75" frameHeight="75"/>
	<SubTexture name="con-2-2.png"	x="152"	y="152"	width="75"	height="75" frameX="-0" frameY="-0" frameWidth="75" frameHeight="75"/>
	<SubTexture name="con-2-3.png"	x="304"	y="152"	width="75"	height="75" frameX="-0" frameY="-0" frameWidth="75" frameHeight="75"/>
	<SubTexture name="con-3-0.png"	x="152"	y="0"	width="75"	height="75" frameX="-0" frameY="-0" frameWidth="75" frameHeight="75"/>
	<SubTexture name="con-3-1.png"	x="76"	y="304"	width="75"	height="75" frameX="-0" frameY="-0" frameWidth="75" frameHeight="75"/>
	<SubTexture name="con-3-2.png"	x="76"	y="228"	width="75"	height="75" frameX="-0" frameY="-0" frameWidth="75" frameHeight="75"/>
	<SubTexture name="con-3-3.png"	x="76"	y="152"	width="75"	height="75" frameX="-0" frameY="-0" frameWidth="75" frameHeight="75"/>
	<SubTexture name="con-4-0.png"	x="76"	y="76"	width="75"	height="75" frameX="-0" frameY="-0" frameWidth="75" frameHeight="75"/>
	<SubTexture name="con-4-1.png"	x="76"	y="0"	width="75"	height="75" frameX="-0" frameY="-0" frameWidth="75" frameHeight="75"/>
	<SubTexture name="con-4-2.png"	x="0"	y="304"	width="75"	height="75" frameX="-0" frameY="-0" frameWidth="75" frameHeight="75"/>
	<SubTexture name="con-4-3.png"	x="0"	y="228"	width="75"	height="75" frameX="-0" frameY="-0" frameWidth="75" frameHeight="75"/>
	<SubTexture name="face-1.png"	x="0"	y="152"	width="75"	height="75" frameX="-0" frameY="-0" frameWidth="75" frameHeight="75"/>
	<SubTexture name="face-2.png"	x="0"	y="76"	width="75"	height="75" frameX="-0" frameY="-0" frameWidth="75" frameHeight="75"/>
	<SubTexture name="face-3.png"	x="0"	y="0"	width="75"	height="75" frameX="-0" frameY="-0" frameWidth="75" frameHeight="75"/>
</TextureAtlas>